title_clean,job_count,companies,salary_min,salary_max,skills,company_count,skill_count
AI & Data Science Consultant/Engineer,1,['ABEAM CONSULTING (SINGAPORE) PTE. LTD.'],8000,12000,"['Machine Learning', 'Business Data Analysis', 'Retrieval-Augmented Generation (RAG)', 'Generative AI Application Development and Deployment', 'AI Agents', 'Data Modelling', 'End to End Solution Development', 'Processing queries', 'Automation Studio', 'Computer Science', 'Application Frameworks', 'AI Safety', 'Generative AI', 'Data Science', 'Web Technology', 'Data Analysis Tools']",1,16
AI Engineer,1,['RMA PROJECTS PTE. LTD.'],4000,6000,"['Supply Chain Analytics', 'Communication', 'Oracle', 'NumPy', 'Data Pipeline', 'Artificial Intelligence', 'Research, recruitment', 'Decision Support', 'Computer Science', 'AI Models', 'Demand Planning', 'Logistics Planning', 'Supply Chain Management', 'Data Science', 'Operations & Supply Chain', 'Data Visualisation']",1,16
"Actuarial Data, Automation And AI",1,['PRUDENTIAL ASSURANCE COMPANY SINGAPORE (PTE) LIMITED'],5500,8500,"['Analytics Support', 'Preparing the test cases', 'Data Analysis', 'Data Structures', 'Actuarial Support', 'Data Domain', 'Actuarial Consulting', 'Python', 'Power BI', 'Reporting & Analysis']",1,10
Analyst,1,['SCIENTE INTERNATIONAL PTE. LTD.'],5000,8000,"['Analytics Support', 'Validation', 'UAT', 'Database Analysis', 'Microsoft Excel', 'Data Analysis', 'Analytical Skills', 'Quality Assurance', 'Ensuring Data Accuracy', 'Anti Money Laundering', 'coordinate with other business departments', 'SQL', 'Anomaly Detection', 'Analytics Tools', 'Project Delivery Processes', 'Data Extraction', 'Uat Testing', 'Fix the Defects', 'Standard Procedures', 'Financial Services']",1,20
"Analyst, Operation",1,['SG ALLIANCE PTE. LTD.'],3600,4500,"['Data Handling', 'Quality Control', 'Regulatory Compliance', 'Process Improvement', 'Ensuring Data Accuracy', 'Data Management', 'Data Governance', 'Internal Controls', 'Analytical and Problem-Solving Skills', 'Financial Services']",1,10
Analyst/Principal Analyst @ Pasir Panjang,1,['BUSINESS EDGE PERSONNEL SERVICES PTE LTD'],4500,7500,"['Creative Problem Solving', 'Machine Learning', 'Analytics Support', 'Cloud Technologies', 'SAS', 'Scala', 'R Programming', 'Big Data Framework', 'scientific discipline', 'Big Data Analytics', 'Interact With Business Users', 'Data Analytics System Design', 'Data Governance', 'Data Engineering', 'Data Mining', 'Project Management', 'Python', 'Engineering', 'Cloud Computing Integration', 'Java']",1,20
Assistant Manager,1,['SCIENTE INTERNATIONAL PTE. LTD.'],7000,9000,"['Machine Learning', 'Ai', 'Technology Risk Management', 'Technical Writing', 'Blockchain', 'Investigation', 'Artificial Intelligence', 'Root Cause Analysis', 'Quantum Computing', 'Infocomm Security and Data Privacy', 'Generative AI Data Governance', 'Pets', 'Data Governance', 'privacy guidelines', 'Cybersecurity', 'Generative AI', 'Data Privacy', 'Security Design', 'Data security platforms', 'Research']",1,20
"Assistant Manager , Data & Digital Office",1,"[""KK WOMEN'S AND CHILDREN'S HOSPITAL PTE. LTD.""]",4500,5500,"['TensorFlow', 'Healthcare Industry', 'R Programming', 'Critical Thinking', 'ETL', 'Keras', 'Data Mining', 'PyTorch', 'SQL', 'Python']",1,10
"Associate Director, Business Data Office, Client Onboarding Solutions",1,['MUFG FUND SERVICES (SINGAPORE) PTE. LTD.'],10000,15000,"['Onboarding', 'ACCA', 'Task Completion', 'Problem Solving', 'Fund Administration', 'Auditor', 'Investment Management', 'Data Migration', 'Accounting', 'Attention to Detail', 'People Management', 'Data Administration']",1,12
"Asus AIcs -Engineering Manger, AI Data Platforms & Multi-Agent Systems",1,['ASUS GLOBAL PTE. LTD.'],10000,18000,"['Generative Model', 'Machine Learning', 'Jenkins', 'Pipelines', 'Architect', 'Healthcare', 'Data Integration', 'Computer Science', 'Docker', 'API']",1,10
Attractive Job Opening For Senior Business Analyst/ Telco Data Modeler In Singapore,1,['TALENT XPERTS PTE. LTD.'],9000,12000,"['Management Consulting', 'Conceptual Design', 'Uat Support', 'Logic', 'Problem Analysis', 'Telecommunication Industry', 'User Stories', 'ETL', 'Predictive Analytics', 'Data Lineage', 'Technical Skillset', 'Oss/BSS', 'Revolution', 'Power BI', 'collaborative business partnering', 'Stakeholder Meetings']",1,16
Attractive Job Opening For Senior Business Analyst/ Telco Data Modelerr In Singapore,1,['IITMATRIX PTE. LTD.'],9000,12000,"['Management Consulting', 'Training Programme Design', 'Data Modelling', 'Uat Support', 'Logic', 'Problem Analysis', 'Telecommunication Industry', 'User Stories', 'ETL', 'Predictive Analytics', 'Data Lineage', 'Technical Skillset', 'Oss/BSS', 'Revolution', 'collaborative business partnering', 'Stakeholder Meetings']",1,16
"Avp, Data Translator, Consumer Banking Group Regional Data Chapter, Transformation And Data, Group Coo",1,['DBS BANK LTD.'],6500,11700,"['Data Storytelling', 'Data Analysis', 'Analytical Skills', 'scalable solutions', 'SQL Programming', 'Computer Science', 'Business Strategy', 'Achieve Business Objectives', 'Data Management Services', 'Deposits', 'Customer Development', 'Engaging Stakeholders', 'Data Science', 'Database Management Systems', 'Insurance', 'Data Visualisation']",1,16
BIg Data Administrator,1,['ADECCO PERSONNEL PTE LTD'],6000,9000,"['MongoDB', 'Cluster', 'Pig', 'decommission of systems', 'Data Pipeline', 'Administration', 'MapReduce', 'Batch Processing', 'Data Engineering', 'Flume', 'ElasticSearch', 'Apache Kafka', 'Redis', 'transactional data']",1,14
Backend Software Engineer,4,"['BYTEDANCE PTE. LTD.', 'TIKTOK PTE. LTD.']",6500,22500,"['Retrieval-Augmented Generation (RAG)', 'Design', 'AI Agents', 'Data Intelligence', 'Software Engineering', 'Data Integration', 'Access Database', 'Coding', 'Computer Science', 'LangChain', 'LLMs', 'Analytics Tools', 'Represent team', 'Data Exploration', 'Object-Oriented Design', 'Performed Application Compatibility testing']",2,16
Business Analyst,2,"['CAPGEMINI SINGAPORE  PTE. LTD.', 'NEUTRON PTE. LTD.']",4000,8000,"['Data Sharing', 'Regulatory Compliance', 'Legislation', 'Information Management', 'Data Management', 'Public Sector', 'Formulation', 'Data Governance', 'Stakeholder Management', 'Data Mapping', 'Collaboration', 'Strong Attention To Detail', 'Interpersonal Skills', 'Missing values', 'Preparation of Test Scenarios', 'Data Profiling', 'Data Migration', 'Business Logic', 'self-motivated Team Player', 'Consulting', 'Creating workshops']",2,21
"Business Analyst, Data Management",2,['ABEAM CONSULTING (SINGAPORE) PTE. LTD.'],8000,10500,"['Regulatory Compliance', 'Erwin', 'Data Structures', 'Data Management', 'Data Integration', 'Alteryx', 'Data Governance', 'Data Architecture', 'Data Warehousing', 'Japanese', 'Financial Reporting']",1,11
Capacity Engineer,1,['SMART INFORMATION MANAGEMENT SYSTEMS PRIVATE LIMITED'],6000,11000,"['Asset Management', 'Capacity Utilization', 'Analytical Skills', 'Infrastructure Planning', 'Data Center', 'Electric Power', 'Project Management', 'Capacity Planning', 'Capacity Management', 'Space Management', 'Able To Work Independently']",1,11
Collibra Data Lineage Engineer,1,['CYGNIFY PTE. LTD.'],9000,10000,"['Microsoft Enterprise Library', 'Domain Names', 'Talend', 'Airflow', 'Role Modelling', 'Development', 'ETL Tools', 'Informatica', 'Community Relations', 'Data Governance', 'Workflow Development', 'DCM', 'Data Engineering', 'DBT', 'Configuration Control', 'Business Glossary']",1,16
Compliance Analyst,1,['JAC RECRUITMENT PTE. LTD.'],8500,10000,"['Process Audits', 'Standard Operating Procedures', 'Audit and Compliance', 'Data Centre environments', 'Corrective Actions', 'Auditing', 'IT Operations', 'Data Centre Facilities Management', 'Technical Knowledge', 'Systems Assurance', 'Audit Reports', 'Identify process gaps', 'Process Quality Management', 'Data Center Management', 'It Auditing', 'global process management', 'data understanding']",1,17
Consultant,2,"['ANCHOR SEARCH GROUP PTE. LTD.', 'SLALOM CONSULTING SINGAPORE PTE. LTD.']",6300,10800,"['AWS', 'Data Engineering', 'Python', 'Dashboards', 'Talend', 'Data Analysis', 'Service Management', 'Informatica', 'Data Integration', 'Predictive Analytics', 'Open Source', 'SQL', 'Engineering Design', 'Cloud Services', 'Power BI', 'Agile Software Development', 'Snowflake Cloud Data Warehouse', 'Machine Learning', 'Microsoft Azure', 'Security', 'Data Pipeline', 'Azure Cloud Services', 'Data Services Business', 'Advanced Engineering', 'Transformation', 'Databricks', 'MLOps', 'Cloud Infrastructure', 'Feature Engineering', 'GCP', 'Cloud Database', 'Consulting Engineering']",2,32
"Customer Support Manager, Project System Business , Apac",1,['ROLLS-ROYCE SOLUTIONS ASIA PTE. LTD.'],9800,12000,"['Level 2 Support', 'infrastructure issues', 'Power Generation', 'Provides Support', 'Electric power generation and distribution systems', 'Data Centre environments', 'Mechatronics Engineering', 'Electrical', 'Product Commissioning', 'Diesel Engine', 'Services Regional', 'Mechanical', 'Power Generation System Design', 'Control Systems', 'Technical Leadership', 'Education', 'Vendor escalation', 'Data Center Architecture', 'Management']",1,19
Data & AI Engineer (Database Security,1,['SEARCH STAFFING SERVICES PTE. LTD.'],4000,6000,"['Ai', 'Vulnerability Scanning', 'Security Procedures', 'Development Tools', 'Problem Reports', 'Model Training', 'Computer Science', 'Database Security', 'Access Control Management', 'Data Integrity', 'Cybersecurity', 'Business Intelligence (Bi) Tools', 'Data Science', 'Business Reporting', 'Managed Print Services', 'Reporting & Analysis']",1,16
Data & AI Platform Engineer-,1,['ITCAN PTE. LIMITED'],6000,10000,"['Graduate Recruitment', 'Collaborate With Engineers', 'Speech Technology', 'AI Agents', 'Computer Engineering', 'Data Pipeline', 'creating charts', 'Pipeline Development', 'Parsers', 'Large-scale Data Analysis', 'Knowledge Base', 'integrate Data sources', 'Batch Management', 'Self-starter', 'pipeline information', 'Terminology Management']",1,16
Data & AI Solutions Trainee,1,['DXC TECHNOLOGY SERVICES SINGAPORE PTE. LTD.'],1800,2000,"['Machine Learning', 'Ai', 'Model Driven Development', 'Workflow', 'Transformation', 'Extraction', 'Data Quality Assurance', 'Prescriptive Analytics', 'Data Collection', 'Architectural Visualization', 'Universities', 'Presentation Skills', 'Reports', 'Educational Administration', 'ETL Testing', 'Testing']",1,16
Data & Analytics Analyst,1,['AIA INVESTMENT MANAGEMENT PRIVATE LIMITED'],3700,4600,"['Data Quality Checks', 'Dashboards', 'Business Data Analysis', 'Microsoft Excel', 'Analytics and Reporting Services', 'ETL Tools', 'Investment Analysis', 'ETL', 'Databricks', 'Investment Management', 'Business Requirement Analysis', 'Python', 'Power BI', 'Operational Workflow']",1,14
Data & ML Platform Engineer,1,['L3 BUSINESS GROUP PTE. LTD.'],5000,7000,"['TensorFlow', 'Machine Learning', 'Time Series Analysis', 'Apache Spark', 'Kubernetes', 'PostgreSQL', 'Data Pipeline', 'Artificial Intelligence', 'Software Engineering', 'Data Governance', 'Data Engineering', 'PyTorch', 'SQL', 'Python', 'Data Architecture', 'Apache Kafka', 'Docker Container']",1,17
Data / Analytics Engineer,1,['QUESS SELECTION & SERVICES PTE. LTD.'],4500,5000,"['Business Intelligence and Data Analytics', 'Elastic', 'IT Infrastructure Operations', 'Splunk', 'Technical Skills', 'Automated Operation Monitoring', 'Data Pipeline', 'Log Management', 'Monitoring Solutions', 'Incident Reports', 'Data Engineering', 'Log Analysis', 'Design-Build', 'Data Infrastructure', 'Software Integration', 'Data Preparation']",1,16
"Data / Analytics Engineer<ETL,Power BI And SQL>",1,['INFOSTAQ SOLUTIONS PTE. LTD.'],5500,6000,"['Oracle Data Warehouse Etl', 'Analytics Support', 'Customer Payments', 'Role Modelling', 'Data Modelling', 'Splunk', 'Technical Skills', 'Data Pipeline', 'Log Management', 'Operations Research', 'AI Models', 'Data Engineering', 'Software Integration', 'Data Preparation', 'Intelligent Reasoning', 'Industry Experience']",1,16
Data / Backend Engineer,1,['MINDTECK SINGAPORE PTE LTD'],4500,6200,"['API Development', 'MongoDB', 'RESTful API', 'Data Modelling', 'ETL Tools', 'Data Structures', 'ETL specification', 'managing large volumes of data', 'ETL', 'NoSQL', 'Data Engineering', 'Python', 'Rest Apis', 'API', 'Backend Development']",1,15
Data Analyst,32,"['D L RESOURCES PTE LTD', 'CAPGEMINI SINGAPORE  PTE. LTD.', 'SERVICE CONNECTIONS HR CONSULTANCY PTE. LTD.', 'SCIENTE INTERNATIONAL PTE. LTD.', 'HAYS SPECIALIST RECRUITMENT PTE. LTD.', 'LINK2 MANPOWER PTE. LTD.', 'GUNVOR SINGAPORE PTE. LTD.', 'WILLIAMS-SONOMA SINGAPORE PTE. LTD.', 'RAPSYS TECHNOLOGIES PTE. LTD.', 'OPTIMUM SOLUTIONS (SINGAPORE) PTE LTD', 'ABEAM CONSULTING (SINGAPORE) PTE. LTD.', 'GMP TECHNOLOGIES (S) PTE LTD', 'GMP RECRUITMENT SERVICES (S) PTE LTD', 'YARA ASIA PTE. LTD.', 'NTT SINGAPORE PTE. LTD.', 'LUMENS PTE. LTD.', 'ESGPEDIA PTE. LTD.', 'SINGAPORE EXECUTIVE SERVICES PTE. LTD.', 'BGC GROUP PTE. LTD.', 'ELLIOTT MOSS CONSULTING PTE. LTD.', 'VISIONPOWER SEMICONDUCTOR MANUFACTURING COMPANY PTE. LTD.', 'ERP21 PTE LTD', 'DELFI LIMITED', 'MANPOWER STAFFING SERVICES (SINGAPORE) PTE LTD', 'NETWORK GUARD PTE. LTD.']",800,14000,"['Python', 'SQL', 'Dashboards', 'Tableau', 'Power BI', 'Data Analysis', 'Computer Science', 'Microsoft Excel', 'Data Science', 'Analytical and Problem-Solving Skills', 'Data Quality Assurance', 'ETL', 'Statistics', 'Translate Into Technical Requirements', 'Design', 'Collaboration With Stakeholders', 'Business Insights', 'Data Governance', 'Banking', 'large datasets', 'Data Management', 'Engaging Stakeholders', 'Data Visualisation', 'Data Pipeline', 'SQL Development', 'Data Warehousing', 'Data-Driven Decision Making', 'Patterns', 'Machine Learning', 'Pipelines', 'Data Mining', 'User Acceptance Testing', 'Mathematics', 'Data Analysis Tools', 'Banking Analytics', 'UAT', 'Business Data Analysis', 'Business Intelligence and Data Analytics', 'Dashboard Construction', 'Liaising with cross functional teams', 'Data Modelling', 'Regulatory Compliance', 'Microsoft SQL Server', 'Data Migration Strategy', 'Anomaly Detection', 'Legacy Modernization', 'banking environment', 'Data Cleaning', 'data collection methodology', 'Customer Segmentation', 'Data Storytelling', 'Reporting Tools', 'Relational Databases', 'requirements from stakeholders', 'Business Requirement Analysis', 'Data Validation', 'Database Optimization', 'Writing', 'Manufacturing', 'Business Requirements Document', 'Data Profiling', 'Data Integration', 'data integration projects', 'Functional Specifications', 'Market Trend Analysis', 'Valuation', 'Economics', 'Market Data', 'MySQL', 'Analytics Support', 'Business Operational Planning', 'Predictive Analytics', 'Work in A Fast Paced Environment', 'Implementation of Best Practices', 'Maintenance of data integrity', 'Retail & Consultancy', 'Business Optimization', 'Data Mapping', 'Data Assessment', 'Migration Practices', 'Development', 'Problem Analysis', 'ETL specification', 'reporting solution', 'Maintaining internal databases', 'Data Analysis and Interpretation', 'Report Generation', 'Manufacturing Workflow Management', 'Accuracy and Precision', 'Analytical Capability', 'Product Planning', 'Process Improvement', 'Business Intelligence Development', 'Customer Analysis', 'Customer Conversion', 'enforces coding standards', 'Jobs Growth', 'Project Coordination', 'Stakeholder Management', 'Cloud Administration']",25,100
Data Analytics,1,['GMP TECHNOLOGIES (S) PTE LTD'],5000,6800,"['Machine Learning', 'Kubernetes', 'AWS', 'Healthcare', 'Medical Terminology', 'Infocomm Security and Data Privacy', 'Databricks', 'Data Governance', 'Python', 'Statistical Analysis', 'Docker', 'DevSecOps', 'FastAPI', 'Data Visualisation']",1,14
Data Analytics Engineer,1,['R SYSTEMS CONSULTING SERVICES LIMITED'],5200,6200,"['Development Lifecycle', 'Apache Spark', 'Scala', 'Big Data Framework', 'Process Improvement', 'Data Pipeline', 'Data Warehouse Systems', 'Python', 'CI/CD', 'Apache Kafka', 'Cloud Services', 'Hive', 'Rest Apis']",1,13
Data Analytics Solution Architect,1,['OPUS IT SERVICES PTE LTD'],7000,9000,"['Microsoft Azure', 'Terraform', 'Data Modelling', 'Kubernetes', 'AWS', 'ETL', 'Data Integration', 'Data Governance', 'GCP compliance', 'SQL', 'Solution Architecture', 'Python', 'Data Architecture', 'Docker', 'GCP', 'Data Warehousing']",1,16
Data And AI Solution Architect,1,['MICROSOFT OPERATIONS PTE LTD'],12000,22500,"['Business Roadmaps', 'Requirements Traceability', 'Intellectual Property Management', 'Partner Development', 'Architecture', 'Convincing the Customer', 'Delivery of Business Solutions', 'Virtual Team Management', 'Sales Experience', 'Customer Centric Solutions', 'Computer Science', 'Windows Domain', 'Consulting', 'Management Experience', 'Project Management Professional', 'Cost Savings']",1,16
Data And Artificial Intelligence Scientist,1,['ACTIVATE INTERACTIVE PTE LTD'],6000,12000,"['Written and Verbal Communication Abilities', 'Communication', 'Ai', 'Computer Engineering', 'Manufacturing Automation', 'Programming Languages', 'Natural Language Processing', 'CVS', 'Mathematics', 'Deep Foundations', 'Computer Science', 'Cross Functional Team Building', 'Recommender Systems', 'Cloud Services', 'Presentation Skills', 'Statistics']",1,16
Data Architect,13,"['HITACHI RAIL SINGAPORE PTE. LTD.', 'RANDSTAD PTE. LIMITED', 'IBM SINGAPORE PTE LTD', 'SCIENTEC CONSULTING PTE. LTD.', 'USER EXPERIENCE RESEARCHERS PTE. LTD.', 'INFOGAIN SOLUTIONS PTE. LIMITED', 'MICHAEL PAGE (PERSONNEL) PTE. LTD.', 'INFINEON TECHNOLOGIES ASIA PACIFIC PTE LTD', 'CAPGEMINI SINGAPORE  PTE. LTD.', 'SEATRIUM (SG) PTE. LTD.', 'KUOK (SINGAPORE) LIMITED', 'MENRVA PTE. LTD.']",5500,21000,"['Data Architecture', 'Data Governance', 'ETL', 'Regulatory Compliance', 'Data Science', 'Data Modelling', 'Data Pipeline', 'Python', 'AWS', 'Data Infrastructure', 'ETL Tools', 'Data Engineering', 'SQL', 'Data Warehouse Systems', 'Access Control Management', 'Structured data analysis', 'Architect', 'Orchestration', 'IAM', 'Data Warehouse Architectures', 'Computer Information Systems', 'Information Technology', 'Apache Hadoop', 'Data Mining', 'Master Data Management', 'Computer Science', 'EMR', 'Data Management', 'Airflow', 'Neo4j', 'Indexing', 'Semantic Search', 'Embedding', 'Apache Kafka', 'Cadence', 'Performance Tuning', 'Confidence Building', 'Data Validation', 'Computer Engineering', 'Data Quality Standards', 'Maintenance of data integrity', 'Predictive Analytics', 'Data Processing', 'Business Requirement Analysis', 'Cloud Infrastructure', 'privacy and data protection', 'API', 'Processing Operations', 'Machine Learning', 'Analytical Skills', 'Pipelines', 'Google Cloud', 'Java', 'banking industry', 'Logic', 'Data Integration', 'Financial Crime Laws and Regulations', 'APAC', 'Datastream', 'GCP', 'Application Integration Architecture', 'Metadata Management', 'Analytics Support', 'Robust Design', 'Security', 'Real-Time Database', 'Reliable', 'Data Lineage', 'Application Frameworks', 'Design-Build', 'Scalable Architecture', 'Reliability Analysis', 'Oracle', 'Applications Integration', 'Cloud Compliance', 'Modelling', 'Cloud-Based Platform', 'Enterprise Vault', 'Commodity Trading', 'High Availability', 'Pipeline Development', 'Tooling', 'Star Schema', 'Enterprise IT Infrastructure', 'System Health Checks', 'Cloudwatch', 'data cube', 'data-flow diagrams', 'Compliance Organization', 'Amazon Redshift', 'Real-Time Systems', 'Automation Tools', 'Lead implementation', 'Encryption', 'Analytical Approach', 'Retention Management', 'Planning', 'Model Driven Development', 'Roadmap', 'Archival Preservation']",12,100
Data Bau Lead,1,['MICHAEL PAGE INTERNATIONAL PTE LTD'],7500,9000,"['Liaising with cross functional teams', 'Process Improvement', 'Lead Selection', 'System Integrity', 'BAU activities', 'Data Quality Assurance', 'Data Management Services', 'Managing Daily Operations', 'Engaging Stakeholders', 'Lead Construction', 'Lead implementation', 'Identifying Trends', 'Legal Compliance', 'Bau Support', 'Accuracy and Precision', 'Operational Workflow']",1,16
Data Center Autocad Design Engineer,1,['ASTREYA ASIA PACIFIC PTE. LIMITED'],6500,13000,"['Troubleshooting', 'Scalability', 'CCNA', 'Data Center', 'Data Centre environments', 'Active Directory', 'VMware', 'VCP', 'Data Centre Facilities Management', 'MCSE', 'Networking', 'Telecommunications', 'AutoCAD', 'Cabling', 'Physical Design', 'Data Center Architecture']",1,16
Data Center Controls Facilities Technician,1,['GOOGLE ASIA PACIFIC PTE. LTD.'],4000,8000,"['Facilities Environmental', 'Networking Protocols', 'Preparation of Technical Documents', 'Hardware Maintenance', 'Computerized Maintenance Management System', 'Microsoft Certified Solutions Associate', 'Technical Training', 'Control Systems', 'Great communications skills', 'Actuators', 'Alarm System Management', 'CMMS', 'BMS', 'knowledge of data center']",1,14
Data Center Engineer,1,['ZENLAYER (SINGAPORE) PTE. LTD.'],3000,4000,"['Reading', 'logging bugs', 'Data Center', 'Workplace Safety', 'Putty', 'Documentation', 'SSH', 'Data Engineering', 'Windows OS', 'Audit Management', 'Performance Management', 'Linux']",1,12
Data Center Operation Engineer,1,['WENETWORK PTE. LTD.'],4300,5800,"['Security Clearance', 'Technical Skills', 'Upstream', 'Cooling System Design', 'Electrical Engineering Systems', 'Mission Critical Systems', 'resolved escalations', 'GPU Programming', 'Data Center Management', 'Building Regulations', 'organising work schedules', 'Environmental Control', 'Able To Work Independently', 'Mechanical Engineering', 'BMS', 'Building Management Systems']",1,16
Data Center Product Development Manager,1,['DAYONE DATA CENTERS SINGAPORE PTE. LTD.'],10000,12500,"['Business Travel Arrangements', 'Communication', 'Microsoft Office', 'Medical Degree', 'Factory Acceptance Testing', 'Regulatory Compliance', 'Soft Skills', 'Teaching English as a Second Language', 'Product Testing and Development', 'Power Distribution', 'Test Standards', 'Engineering Leadership', 'Lead Construction', 'Infrastructure', 'Education', 'Industry Knowledge']",1,16
Data Center Production Operations Engineer,1,['MALKOHA PTE. LTD.'],9500,13170,"['Troubleshooting', 'Process Improvement', 'Data Center', 'Physics', 'Scripting', 'Bash', 'SQL', 'Tailoring', 'Team Leadership', 'Python', 'Engineering Support', 'Cabling', 'Rust']",1,13
Data Center Sourcing Manager,2,"['ALLCAN INTERNATIONAL PTE. LTD.', 'ALTUSCLOUD PTE. LTD.']",6000,8000,"['Data Centre Facilities Management', 'Co-location', 'Data Center Architecture', 'Negotiation', 'scientific discipline', 'Information Technology', 'Vendor Management', 'Technology Evaluation', 'Evaluation', 'Project Coordination', 'Vendor Negotiation', 'HPC', 'Data Center', 'Capacity Building', 'Sla Management', 'APAC', 'Supply Chain Engineering', 'Liaise With Technical Teams', 'Great communications skills', 'Strategic Sourcing', 'Capacity Management', 'Sourcing', 'Manufacturing Activities']",2,23
Data Centre Design Specialist,1,['SMART INFORMATION MANAGEMENT SYSTEMS PRIVATE LIMITED'],7000,14000,"['Data Center', 'Interpersonal Skills', 'Floor Plans', 'Information Technology', 'Power Distribution', 'AutoCAD', 'Capacity Management', 'Power Systems', 'Layout', 'Facilities Management']",1,10
Data Centre Engineer,1,['SERVBRIDGE INCORPORATED PTE. LTD.'],2500,4000,"['Teamwork', 'Troubleshooting', 'Cable installations', 'Hardware', 'CCNA', 'Data Center', 'CCNP', 'Networking', 'Routers', 'Incident Management', 'Infrastructure Support']",1,11
Data Centre Manager,1,['ACEXCELLENT CONSULTING PTE. LTD.'],5000,7000,"['Switches', 'Hardware', 'Data Center', 'Clinical Data Management', 'Networking', 'Power Distribution', 'Data Center Management', 'Routers', 'Cabling', 'Linux', 'Facilities Management', 'knowledge of data center']",1,12
Data Centre Operation Manager,1,['TANGSPAC CONSULTING PTE LTD'],13000,17000,"['Troubleshooting', 'ITIL Process', 'Splunk', 'IT Automation', 'Data Center', 'Operations Management', 'Automation Tools', 'Information Technology', 'Batch Processing', 'IT Operations', 'Backup & Recovery', 'Control M Enterprise', 'Data Center Management', 'Autosys', 'Batch Programs', 'Batch Management', 'Infrastructure Support']",1,17
Data Centre Operations Director,1,['HR EXCHANGE PTE. LTD.'],15000,20000,"['Certifications', 'Senior Executive Leadership', 'hands-on skills', 'Chillers', 'HVAC', 'Substation', 'Customer Service Representatives', 'Cooling Towers', 'Stress Management', 'Facilities Management']",1,10
Data Engineer,121,"['CMC-APAC PRIVATE LIMITED', 'LAWGORITHM PRIVATE LIMITED', 'SYNAPXE PTE. LTD.', 'HORIZON COMPUTER MANAGEMENT PTE. LTD.', 'TALENTVIS SINGAPORE PTE. LTD.', 'THE EDGE CONTRACTING SERVICES PTE. LTD.', 'SPH MEDIA LIMITED', 'INNOVATIVE CONSULTING PTE. LTD.', 'V-ELEGANT PTE. LTD.', 'NSEARCH GLOBAL PTE. LTD.', 'WE-PLUS PTE. LTD.', 'VANGUARD SOFTWARE PTE. LTD.', 'FLINTEX CONSULTING PTE. LTD.', 'ROBERT HALF INTERNATIONAL PTE. LTD.', 'XIAOMI TECHNOLOGIES SINGAPORE PTE. LTD.', 'IT CONSULTANCY & SERVICES PTE LTD', 'AVN DIGITAL PTE. LTD.', 'RUDER FINN ASIA PTE LTD', 'HAYS SPECIALIST RECRUITMENT PTE. LTD.', 'DCI CONSULTANTS PRIVATE LIMITED', 'ASTREYA ASIA PACIFIC PTE. LIMITED', 'BUSINESS EDGE PERSONNEL SERVICES PTE LTD', 'SISTIC.COM PTE LTD', 'VINOVA PTE. LTD.', 'QUESS SELECTION & SERVICES PTE. LTD.', 'DUOTECH PTE. LTD.', 'GOOGLE ASIA PACIFIC PTE. LTD.', 'AVENSYS SERVICES PTE. LTD.', 'ITCAN PTE. LIMITED', 'RAPSYS TECHNOLOGIES PTE. LTD.', 'THE GREAT EASTERN LIFE ASSURANCE COMPANY LIMITED', 'ANCHOR SEARCH GROUP PTE. LTD.', 'INTELLECT MINDS PTE. LTD.', 'PERCEPT SOLUTIONS PTE. LTD.', 'OPTIMUM SOLUTIONS (SINGAPORE) PTE LTD', 'STMICROELECTRONICS PTE LTD', 'OVERSEA-CHINESE BANKING CORPORATION LIMITED', 'WECRUIT PTE. LTD.', 'SCIENTEC CONSULTING PTE. LTD.', 'ALLEGIS GROUP SINGAPORE PRIVATE LIMITED', 'PERSOL SINGAPORE PTE. LTD.', 'TOPPAN ECQUARIA PTE. LTD.', 'COMBUILDER PTE LTD', 'MORGAN MCKINLEY PTE. LTD.', 'PERSOL TECH SERVICES PTE. LTD.', 'TENTACLE INFOTECH (S) PTE. LTD.', 'AIRWALLEX (SINGAPORE) PTE. LTD.', 'AVENSYS CONSULTING PTE. LTD.', 'TECHEMERGE SOLUTIONS PTE. LTD.', 'QUANTUM INFOTECH SOLUTIONS PTE. LTD.', 'MICHAEL PAGE INTERNATIONAL PTE LTD', 'TIANCHENG ELECTRICAL MARINE EQUIPMENT PTE. LTD.', 'NEUTRON PTE. LTD.', 'BASIL TECHNOLOGIES PTE. LTD.', 'ZENITH INFOTECH (S) PTE LTD.', 'ILLUMINA INTERNATIONAL GENOMICS PTE. LTD.', 'WEBSPARKS PTE. LTD.', 'BIGTAPP PTE. LTD.', 'NICOLL CURTIN TECHNOLOGY PTE. LTD.', 'TALENT PULSE PTE. LTD.', 'ADECCO PERSONNEL PTE LTD', 'TUNDRA TECHNICAL SOLUTIONS SINGAPORE PTE. LTD.', 'NSCALE OPERATIONS APAC PTE. LTD.', 'RAZER (ASIA-PACIFIC) PTE. LTD.', 'MICHAEL PAGE (PERSONNEL) PTE. LTD.', 'MANPOWER STAFFING SERVICES (SINGAPORE) PTE LTD', 'HORIZON SOFTWARE PTE. LTD.', 'TALENTSIS PTE. LTD.', 'TRINITY CONSULTING SERVICES PTE. LTD.', 'GECO ASIA PTE. LTD.', 'JALANDHAR SC PTE. LTD.', 'NAS EDUCATION PTE. LTD.', 'NETWORK GUARD PTE. LTD.']",800,78000,"['Data Pipeline', 'Data Engineering', 'Python', 'Computer Science', 'Data Governance', 'ETL', 'ETL Tools', 'Data Science', 'Design', 'Computer Engineering', 'Data Infrastructure', 'AWS', 'Data Lake', 'SQL', 'Java', 'Databricks', 'Data Integration', 'Data Modelling', 'Scala', 'Data Warehousing', 'Apache Spark', 'Pipelines', 'Data Architecture', 'Performance Tuning', 'PySpark', 'Data Quality Assurance', 'Data Transformation', 'Analytics Support', 'Data Management Services', 'integrate Data sources', 'Liaising with cross functional teams', 'Big Data Framework', 'Azure Data Lake', 'Data Structures', 'Dashboards', 'Data Warehouse Systems', 'Power BI', 'Security', 'Development', 'Tableau', 'Data Warehouse Architectures', 'SQL Development', 'Governance', 'Spark SQL', 'Machine Learning', 'Scalability', 'Azure Data Factory', 'Systems Design', 'Data Analysis', 'Stakeholder Management', 'Metadata Management', 'Maintenance of data integrity', 'data integration projects', 'NoSQL', 'Retention Management', 'Data Mining', 'Translate Into Technical Requirements', 'Problem Solving', 'Apache Kafka', 'large datasets', 'Pipeline Management', 'Data Quality Standards', 'Structured data analysis', 'Backend Development', 'Pipeline Development', 'Transformation', 'Information Technology', 'Storage Architecture', 'Data Management', 'Airflow', 'requirements from stakeholders', 'Standards Compliance', 'CI/CD', 'Cloud Computing Application', 'data understanding', 'Data Quality Checks', 'Data Warehousing Design', 'Analytical and Problem-Solving Skills', 'Dashboard Construction', 'Workflow Orchestration', 'Programming', 'Cloud Infrastructure', 'Cloud-Based Platform', 'Git', 'Informatica', 'Software Engineering', 'Cloud Migration', 'API', 'Microsoft Azure', 'ETL specification', 'design database schemas', 'Model Deployment', 'Code collaborator', 'Collaborating With Product Managers', 'Agile Delivery', 'Design-Build', 'Data Marts', 'Collaboration With Stakeholders', 'Database Design', 'DBT']",73,100
Data Entry Officer,1,['THATZ INTERNATIONAL PTE LTD'],3000,4000,"['Business Administration', 'Information Technology Requirements', 'Migration Projects', 'Records Management', 'Data Quality Standards', 'maintaining spreadsheets', 'Database Support', 'Productivity Improvement', 'Sorting', 'Project Timeline', 'Data Migration', 'Spreadsheets', 'Administrative Support', 'Migration Practices', 'Enterprise Database System Administration', 'Data Validation']",1,16
Data Governance,1,['AM INTELLIGENCE (PTE. LTD.)'],9500,10000,"['Negotiation', 'Data Protection Regulation', 'Trademarks', 'Technology Risk Management', 'Corporate Governance', 'AI Governance', 'Vetting', 'Interpersonal Skills', 'Compliance Solutions', 'Company Secretarial Work', 'IP', 'Corporate Law', 'Legal Compliance', 'Data Protection Management', 'Legal Issues']",1,15
Data Infra Platform Engineer,1,['THALES SOLUTIONS ASIA PTE. LTD.'],7000,12000,"['Address Potential Issues', 'Test Equipment', 'Kubernetes', 'Core Data (Software)', 'Governance', 'Platform Management', 'Computer Science', 'Cloud Infrastructure', 'Reusable Code', 'ElasticSearch', 'Interfacing Systems', 'Data Exploration', 'Services Solutions', 'Data Infrastructure', 'Technology Upgrades', 'Education']",1,16
Data Labelling Engineer,3,['MANPOWER STAFFING SERVICES (SINGAPORE) PTE LTD'],4500,6000,"['Data Sharing', 'Data Classification', 'Engineering Data', 'Data Annotation', 'Sample Management', 'Business Understanding', 'Business Data Analysis', 'Survey sampling', 'Recording of Data', 'Algorithm Development', 'classification standards', 'Support Strategy', 'Artificial Intelligence', 'Passion for Technology', 'scientific discipline', 'Computer Science', 'Error Handling', 'Machine Learning', 'Sampling', 'Microsoft Excel', 'Taxonomy', 'SQL', 'Attention to Detail', 'Python', 'Data Storage', 'Record Keeping', 'Multitasking', 'Efficiency Improvement']",1,28
Data Management Analyst,1,['ALLEGIS GROUP SINGAPORE PRIVATE LIMITED'],5000,10000,"['Enterprise Software Industry', 'Technical Skills', 'Commercial Issue Management', 'Data Management', 'Data Operations', 'Data Governance', 'Data Quality Assurance', 'Requirements Documentation', 'Adaptability', 'Analytical and Problem-Solving Skills', 'leading stakeholders', 'Business Analysis Management', 'SQL Development', 'Stakeholder Management', 'Self-starter', 'Able To Work Independently']",1,16
Data Management Specialist,1,['MALTEM ASIA PTE. LTD.'],5000,7000,"['Tableau', 'Snowflake Cloud Data Warehouse', 'UAT', 'support business users', 'User Acceptance Testing (UAT)', 'Service Level Agreement', 'Software Implementation', 'Functional Specifications', 'Computer Science', 'Data Quality Assurance', 'Monitoring', 'Data Engineering', 'Python', 'Support Documents', 'User Acceptance Testing', 'Functionality Enhancements', 'Field Studies', 'Uat Testing']",1,18
Data Migration,1,['MENRVA PTE. LTD.'],8000,11000,"['Legal Proceedings', 'Waterfall Methodology', 'System Delivery', 'Review of specifications', 'Software Defect Management', 'Data Migration Services', 'Reconciliation', 'commercial collection', 'Problem Solving', 'Functional Design', 'Translate Into Technical Requirements', 'Data Migration Strategy', 'Data Migration', 'Data Migration Automation', 'Business Rules Engines', 'Work in A Fast Paced Environment', 'Data Conversion', 'Mapping']",1,18
Data Migration Specialist,1,['KULICKE & SOFFA PTE. LTD.'],6500,8500,"['Oracle Cloud', 'RMAN', 'Validation', 'Oracle Support', 'Oracle Fusion', 'Oracle ERP', 'HDL', 'Oracle Collaboration Suite', 'VMware Fusion', 'Oracle Integration Cloud (OIC)', 'Oracle Ebs', 'PL/SQL Developer', 'Data Migration Strategy', 'Oracle Fusion Middleware', 'Data Migration', 'Cloud-based', 'Automation Strategy', 'API', 'Oracle Fusion Applications']",1,19
Data Modeller,3,"['U3 INFOTECH PTE. LTD.', 'U3 SOLUTIONS PTE. LTD.', 'U3 PROJECTS PTE. LTD.']",7000,9500,"['ER Studio', 'Modeling Tool', 'Storage Architecture', 'Logic in computer science', 'Data Blending', 'Databricks', 'Data Dictionary', 'Version Control Systems', 'Financial Modelling', 'Investment Portfolio', 'Oracle Database Administration', 'Metadata Management', 'Enterprise Database System Administration', 'performance tuning of Queries', 'Developing Documentation', 'Analytical Modelling', 'Data Pipeline', 'Architecture Governance', 'Database Tuning']",3,19
Data Operations Analyst,1,['BYTEDANCE PTE. LTD.'],6000,13333,"['Ai', 'Public Key Infrastructure', 'student applications', 'Medical Degree', 'Quality Assessment', 'Data Intelligence', 'Tools Development', 'Theoretical Models', 'Agent-based Modeling', 'Create case studies', 'Business Growth', 'AI Safety', 'Statistical Analysis', 'Data Annotation', 'IT Project Leadership', 'establish quality processes']",1,16
Data Platform Engineer,2,['V-ELEGANT PTE. LTD.'],3200,6000,"['Machine Learning', 'Design', 'R Programming', 'ETL Tools', 'Natural Language Processing', 'Quantitative Analysis', 'Economics', 'Data Mining', 'Python', 'Cloud-Based Platform', 'Generative AI', 'Data Science', 'Java', 'Sas Intelligence Platform', 'Enterprise Database System Administration', 'data integration projects']",1,16
Data Privacy Analyst,1,['UL INTERNATIONAL-SINGAPORE PRIVATE LIMITED'],5000,7500,"['privacy programs', 'Data Protection', 'Data Protection Regulation', 'Regional Management', 'Privacy Strategy', 'Compliance Testing', 'process maintenance', 'Data Protection Legislation', 'Infocomm Security and Data Privacy', 'Personal Data Protection', 'privacy guidelines', 'implementing data protection', 'privacy and data protection', 'Privacy Law', 'Data Privacy', 'Data security platforms', 'Data Protection Management', 'Liaising With Vendors', 'privacy specialist']",1,19
Data Processor,1,['OMS GEOMETRA SURVEY PTE. LTD.'],3500,4500,"['meeting project deadlines', 'Project Database Management', 'Geographical Information System (GIS)', 'Microsoft Excel', 'Topographic Surveys', 'Geoscience', 'Analytical Skills', 'As-Built Drawings', '3D Rendering', 'Hydrology', 'Hydrography', 'Quality Checking', 'Technical Report Writing', 'ArcGIS', 'Modelling', 'AutoCAD', 'Offshore Projects', 'Geomatics', 'SketchUp', 'IIA Standards']",1,20
Data Product Manager,1,['KOOBITS LEARNING PTE. LTD.'],6000,9000,"['delivering KPIs', 'Analytics Support', 'Sales', 'retention rate', 'Financial Economics', 'project reporting requirements', 'Event Management Support', 'Cross Functional Project Management', 'Marketing', 'Business Requirement Analysis', 'Franchise Operations', 'Metrics Reporting', 'Engagement Metrics', 'Customer Satisfaction', 'Product Data Management', 'Reporting & Analysis']",1,16
Data Quality & Governance Product Manager,1,['SHOPEE SINGAPORE PRIVATE LIMITED'],5500,8000,"['Maintain Discipline', 'defined technical requirements', 'Data Quality Assurance', 'Metrics Reporting', 'Business Glossary', 'Liaise With Technical Teams', 'Television Commercial', 'Anomaly Detection', 'Compliance Issues', 'Technical Delivery', 'Data Quality Management', 'Group Finance', 'SQL Development', 'Stakeholder Management', 'Regulatory Frameworks', 'Structured Finance']",1,16
Data Science Engineer,1,['HAIER SINGAPORE INVESTMENT HOLDING PTE. LTD.'],5000,8000,"['Machine Learning', 'Scalability', 'Data Analysis', 'Pipelines', 'MySQL', 'ETL', 'Data Integration', 'Data Engineering', 'SQL', 'Python', 'Data Science']",1,11
Data Scientist,57,"['DSBJ PTE. LTD.', 'INNOWAVE TECH PTE. LTD.', 'SPH MEDIA LIMITED', 'SOFTENGER (SINGAPORE) PTE. LTD.', 'INFRASOFT TECHNOLOGIES PTE LTD', 'JABIL CIRCUIT (SINGAPORE) PTE. LTD.', 'SKILLS AND WORKFORCE DEVELOPMENT AGENCY (FORMER SSG)', 'HYUNDAI MOTOR GROUP INNOVATION CENTER IN SINGAPORE PTE. LTD.', 'Skills and Workforce Development Agency', 'SERVICE CONNECTIONS HR CONSULTANCY PTE. LTD.', 'FLINTEX CONSULTING PTE. LTD.', 'THALES SOLUTIONS ASIA PTE. LTD.', 'XIAOMI TECHNOLOGIES SINGAPORE PTE. LTD.', 'HCL SINGAPORE PTE. LTD.', 'MICRON SEMICONDUCTOR ASIA OPERATIONS PTE. LTD.', 'NATIONAL CANCER CENTRE OF SINGAPORE PTE LTD', 'DUOTECH PTE. LTD.', 'ITCAN PTE. LIMITED', 'HANSING RECRUITMENT PTE. LTD.', 'RAPSYS TECHNOLOGIES PTE. LTD.', 'PEOPLE PROFILERS PTE. LTD.', 'ANCHOR SEARCH GROUP PTE. LTD.', 'ETHOS SEARCH ASSOCIATES PTE. LTD.', 'RESOURCE HUNT PTE. LTD.', 'ALLEGIS GROUP SINGAPORE PRIVATE LIMITED', 'PASONA SINGAPORE PTE. LTD.', 'MORGAN MCKINLEY PTE. LTD.', 'FLASHFLOW PTE. LTD.', 'TITANSOFT PTE. LTD.', 'RN CARE PTE. LTD.', 'HITACHI RAIL SINGAPORE PTE. LTD.', 'NICOLL CURTIN TECHNOLOGY PTE. LTD.', 'ADECCO PERSONNEL PTE LTD', 'TALENT PULSE PTE. LTD.', 'MICHAEL PAGE (PERSONNEL) PTE. LTD.', 'ASK & EMBLA GALACTIC PTE. LTD.']",3000,22000,"['Python', 'Machine Learning', 'Data Science', 'Computer Science', 'Statistics', 'SQL', 'Mathematics', 'Data Visualisation', 'Predictive Analytics', 'Artificial Intelligence', 'Data Engineering', 'large datasets', 'Natural Language Processing', 'MES', 'Design', 'Liaising with cross functional teams', 'R Programming', 'Tableau', 'Stakeholder Engagement', 'Model Deployment', 'requirements from stakeholders', 'Stakeholder Management', 'Dashboards', 'Data Governance', 'Data Mining', 'Prediction', 'Algorithm Development', 'Generative AI', 'Data Analysis', 'Clustering', 'scikit-learn', 'Influencing Key Stakeholders', 'ETL', 'Data Insight', 'Root Cause Analysis', 'Analytics Support', 'Analytical Modelling', 'Predictive Modeling', 'Applied Mathematics', 'Classification', 'TensorFlow', 'AWS', 'Anomaly Detection', 'Operations Research', 'Data Pipeline', 'Pandas', 'Energy', 'Process Modelling', 'Data Infrastructure', 'Workflow Solutions', 'Data Modelling', 'Scripting', 'Process Flows', 'Efficiency', 'Project Management Support', 'Management', 'Quantitative Analysis', 'Technical Presentations', 'PyTorch', 'NumPy', 'Airflow', 'Design of Experiments', 'AI Models', 'Prescriptive Analytics', 'Feature Engineering', 'Statistical Knowledge', 'Creative Thinking', 'Model Evaluation', 'Collaboration', 'OEE', 'WIP', 'Monitor Kpis', 'Cross Functional Project Management', 'Architectural Visualization', 'Requirements Gathering', 'build forecasting models', 'Data Model Design', 'Identifying Trends', 'Matplotlib', 'Communication', 'Git', 'CSS', 'Linear Programming', 'Industrial Engineering', 'Cloud Services', 'Java', 'Computer Programming', 'API', 'Discrete Event Simulation', 'Scala', 'Recruiting', 'Data Processing', 'implement production', 'quantitative methodologies', 'Evaluation', 'Workforce Management', 'Performance Metrics', 'Pipelines', 'scalable solutions', 'audience research']",36,100
Data Specialist,2,['SCIENTE INTERNATIONAL PTE. LTD.'],3000,4500,"['Microsoft Excel', 'Data Analysis', 'Data Management', 'SQL', 'Python', 'Business Requirements Document', 'Data Capture', 'UAT', 'Integrated Project Delivery', 'Data Profiling', 'Project Implementation', 'User Acceptance Testing', 'Process Definition', 'QlikSense', 'Hadoop Database', 'ETL']",1,16
Data Tech Lead / Data Developer Lead,1,['JOYTANA GAMES PTE. LTD.'],8000,12000,"['Domain Names', 'Internet Product Development', 'OLTP', 'Electronic Trading System Management', 'Technology Adoption and Innovation', 'Data Cleansing', 'SQL Tuning', 'Root Cause Analysis', 'Design database architectures', 'Computer Science', 'Business Requirement Analysis', 'Large-scale Data Analysis', 'Troubleshooting Performance Issues', 'object-oriented database', 'High-Performance Systems', 'Oracle Database Administration']",1,16
Data Tech Lead/ Data Developer Lead,1,['HIGOGAME PTE. LTD.'],8000,12000,"['Communication', 'Domain Names', 'Internet Product Development', 'OLTP', 'Electronic Trading System Management', 'Data Cleansing', 'Data Solutions', 'MySQL', 'Design database architectures', 'Computer Science', 'Large-scale Data Analysis', 'Troubleshooting Performance Issues', 'Attention to Detail', 'SQL Server', 'Database Maintenance', 'Emergency Response Procedures', 'object-oriented database', 'Oracle Database Administration', 'OLAP', 'Team Player']",1,20
Data Technical Manager,1,['APAR TECHNOLOGIES PTE. LTD.'],7000,8000,"['Cloud Technologies', 'Coordination', 'Senior Executive Leadership', 'Cloud Migration', 'Timeline Development', 'Agent-based Modeling', 'Potential Risks', 'Data Management Services', 'set team goals', 'Liaise With Stakeholders', 'Office Software', 'Microsoft Project', 'Estimating', 'scope definition', 'Stakeholder Management', 'Technical Scope']",1,16
Dc13385212,1,['ROBERT HALF INTERNATIONAL PTE. LTD.'],10000,12000,"['Data Mapping', 'Asset Management', 'Remediation', 'Data Maintenance', 'Outlook Express', 'Fund Administration', 'Data Governance', 'Intercompany reporting', 'Financial Modelling', 'Technical Delivery', 'Financial Data']",1,11
Director / Program Manager,1,['TANGSPAC CONSULTING PTE LTD'],20000,25000,"['International Conferences', 'Recommendations for Approval', 'Business Intelligence and Data Analytics', 'Stream Processing', 'Banking Compliance', 'Governance', 'Information Technology', 'Project Planning', 'Data Governance', 'Computer Science', 'Programme Delivery', 'Data Management Services', 'Administrative Skills', 'Teaching Experience', 'Banking', 'Financial Services']",1,16
Employment Opportunity,3,['ITCAN PTE. LIMITED'],3000,12000,"['Graduate Recruitment', 'Collaborate With Engineers', 'Speech Technology', 'AI Agents', 'Computer Engineering', 'creating charts', 'Pipeline Development', 'Parsers', 'Large-scale Data Analysis', 'Knowledge Base', 'integrate Data sources', 'Batch Management', 'Self-starter', 'pipeline information', 'Terminology Management', 'Machine Learning', 'large datasets', 'Design of Experiments', 'data cube', 'Unix Scripting', 'Algorithm Optimization', 'Natural Language Processing', 'Computer Proficiency', 'AI Models', 'Prescriptive Analytics', 'Technology Planning', 'Statistical Analysis', 'Data Science', 'Analytical Methods Development', 'Clustering', 'Project Management Support', 'Data Pipeline', 'Datastream']",1,33
"Engineer, Data Management",2,"['OFFSHORE FRONTIER SOLUTIONS PTE. LTD.', 'MODEC OFFSHORE PRODUCTION SYSTEMS (SINGAPORE) PTE. LTD.']",7000,9500,"['Communication', 'Digital Transformation Program', 'Pipelines', 'Documentation', 'ETL', 'Open Source', 'Engineering Data', 'Data Engineering', 'Project Information Management', 'Liaise With Stakeholders', 'Data Science', 'Team Player', 'Stakeholder Management']",2,13
Enterprise Data And Analytics – System Analyst,1,['VY SYSTEMS PTE. LTD.'],7500,8500,"['Liaising with cross functional teams', 'Analytics Support', 'Informatica Powercenter', 'Enterprise Integration Solution', 'Regulatory Compliance', 'Hadoop Database', 'Root Cause Analysis', 'Problem Solving', 'Defining Test Strategies', 'SQL Programming', 'Structured Text', 'Regulatory Documentation', 'Banking', 'Data Infrastructure', 'Data security platforms', 'Knowledge Graph']",1,16
Enterprise Data Delivery Lead,1,['CAPGEMINI SINGAPORE  PTE. LTD.'],10000,20000,"['Data Analysis', 'Analytical Skills', 'Banking Compliance', 'Data Management', 'Programme Delivery', 'Multi-Vendor Environment', 'Data Management Services', 'Programme Office', 'Data Architecture', 'Data Science', 'Data Infrastructure', 'Risk Compliance and Governance', 'Regional Programme', 'Data security platforms']",1,14
Enterprise Data Platform Architect – Master Data & Lakehouse Transformation,1,['MENRVA PTE. LTD.'],15000,16666,"['Machine Learning', 'Application Architecture', 'Business Architecture', 'Influencing', 'Database Migrations', 'Pipeline Management', 'Architect', 'Governance', 'Cloud Native Architecture', 'Platform Architecture', 'Databricks', 'Data Engineering', 'Architecture Management', 'Enterprise Architecture', 'Data Architecture', 'Cloud Services', 'GCP', 'Architectural History']",1,18
Executive,1,['NATIONAL UNIVERSITY OF SINGAPORE'],3800,4800,"['Git', 'Mathematics', 'Artificial Intelligence', 'Computer Science', 'Python', 'Engineering', 'Generative AI', 'Statistics', 'Data Science', 'Application Programming Interface (API)']",1,10
"Executive, Data Protection",1,['Bright Hill Evergreen Home'],3500,4200,"['Written and Verbal Communication Abilities', 'Resourceful', 'Compliance Knowledge', 'Office Applications', 'Interpersonal Skills', 'Task Completion', 'Enthusiasm to learn', 'Analytical and Problem-Solving Skills', 'Manage Timelines', 'Collaboration With Stakeholders', 'Challenge Driven']",1,11
Facilities Management Engineer / Data Centre Engineer,2,['STAR CAREER CONSULTING PTE. LTD.'],4500,5200,"['Preventive Maintenance', 'Hardware', 'Business Continuity', 'Data Centre environments', 'Electrical', 'Risk Management', 'Environmental Health', 'Data Centre Facilities Management', 'Emergency Response', 'Cabling', 'Electrical Engineering', 'Facilities Management']",1,12
Fullstack Engineer,1,['TIKTOK PTE. LTD.'],12000,24000,"['Wealth Management', 'Asset Management', 'CSS', 'Data Structures', 'Interpersonal Skills', 'AngularJS', 'Application Development', 'JavaScript', 'Administration', 'Written Communication', 'Debugging']",1,11
"Fullstack Engineer , Tiktok Live",1,['TIKTOK PTE. LTD.'],7000,14000,"['Wealth Management', 'Asset Management', 'CSS', 'Data Structures', 'Interpersonal Skills', 'AngularJS', 'Application Development', 'JavaScript', 'Administration', 'Written Communication', 'Debugging']",1,11
"Global Banking & Markets, Data Analytics & Reporting, Executive Director, Singapore",1,['GOLDMAN SACHS SERVICES (SINGAPORE) PTE. LTD.'],8000,16000,"['Tableau', 'Analytical Approach', 'Detail Oriented', 'Query Language', 'Mathematics', 'Alteryx', 'Computer Science', 'SQL', 'Time Management', 'Analytics Tools', 'leading stakeholders', 'Statistics', 'Communicating with end users', 'Power BI', 'Data Warehousing', 'Self Motivation', 'Data Visualisation']",1,17
"Global Data Center Infrastructure Technology Expert, Dcs",1,['BYTEDANCE PTE. LTD.'],10000,20000,"['System Commissioning', 'Power Generation', 'UPS Systems', 'Chillers', 'HVAC', 'Electrical', 'Cooling Towers', 'Cloud Infrastructure', 'Design for Safety', 'MEP Design', 'Represent team', 'Good Written Communication Skills', 'Electrical Engineering', 'Data Center Architecture', 'Mechanical Engineering', 'Commissioning Coordination']",1,16
Global Facilities Cost Data Program Manager,1,['MICRON SEMICONDUCTOR ASIA OPERATIONS PTE. LTD.'],6000,10000,"['Liaising with cross functional teams', 'Automation Management in Product Development', 'Teamwork', 'Performance Reporting', 'Process Improvement', 'DAX', 'Governance', 'Cross-functional Coordination', 'reporting solution', 'Data Governance', 'Business Requirement Analysis', 'Analytical and Problem-Solving Skills', 'Sap Support', 'Business Reporting', 'Powerapps', 'Solution Deployment']",1,16
Group Compliance Director And Group Data Protection Officer,1,['SINGHAIYI GROUP PTE. LTD.'],15000,18000,"['Board Leadership', 'Corporate Governance', 'Due Diligence', 'Regulatory Compliance', 'Enterprise Risk Management', 'Real Estate Investment Trust - Reit', 'accurate filing', 'Know Your Client - KYC', 'Governance', 'Data Protection Legislation', 'Fluent English', 'Microsoft Office 365', 'company secretarial responsibility', 'privacy and data protection', 'AML', 'Corporate Compliance', 'Stakeholder Management', 'Data Protection Management', 'Control Support', 'Able To Work Independently']",1,20
Group Data & AI Governance Specialist,1,['GXS BANK PTE. LTD.'],5000,7000,"['Automation Systems', 'Ensuring Data Accuracy', 'departmental audits', 'Large Scale Systems', 'Cross-functional Coordination', 'Risk Management', 'Financial Crime Laws and Regulations', 'Data Lineage', 'implementing data protection', 'Business Risk Assessment', 'Feature Engineering', 'Generative AI', 'Technical Guidance', 'Data Quality Management', 'Data Warehousing', 'Regulatory Frameworks']",1,16
"Head, Core & Data Platforms",1,['MAYBANK SINGAPORE LIMITED'],18000,23000,"['Contacting candidates', 'Regulatory Compliance', 'Development', 'Engineering Management', 'Deliver Ongoing Business Intelligence', 'Platform Modernization', 'Core Banking', 'Risk Management', 'Banking Operations', 'Fixed Platform', 'Enterprise Systems', 'Software Upgrades', 'Business Resilience', 'Team Management', 'leading stakeholders', 'Enterprise IT Strategy']",1,16
"Head, Data Management Capabilities Enablement, CIB",1,['STANDARD CHARTERED BANK'],12350,24700,"['Communication', 'identify markets', 'Chartered accounting', 'Analytical Thinking', 'global business transformation', 'Oral Care', 'Scientific Expertise', 'International Finance', 'Lifecycle Marketing', 'Time Management', 'Stakeholder Management', 'Business Process Design', 'CDO', 'Agile & Waterfall Methodologies', 'Preparing Project Reports', 'Corporate Banking Solution']",1,16
IMC – IT Engineer,1,['VISIONPOWER SEMICONDUCTOR MANUFACTURING COMPANY PTE. LTD.'],4200,8500,"['MES', 'Computer-Integrated Manufacturing (Cim)', 'JavaScript', 'SPC (Statistic Process Control)', 'Python', 'Engineering', 'Data and Information Management', 'Team Player', 'Java', 'Automated Processes']",1,10
Incident Response Analyst,1,['ASTREYA ASIA PACIFIC PTE. LIMITED'],4000,6500,"['Infrastructure Monitoring', 'implementing monitoring tools', 'Coordination', 'Incident Management Process', 'Alarm Systems', 'shifts schedules', 'DCM', 'Fluent English', 'Monitoring', 'Data Centre Facilities Management', 'High Pressure', 'Alarm System Management', 'Incident Handling', 'BMS', 'Facilities Management', 'Building Management Systems']",1,16
Information Technology,3,['SINGAPORE AIRLINES LIMITED'],4500,11000,"['Python', 'API', 'Scala', 'Computer Vision', 'PyTorch', 'GCP', 'Data Science', 'AI Agents', 'Data Orchestration', 'AWS', 'Software Engineering', 'Information Technology', 'AWS Cloud Development Kit (CDK)', 'Core Java', 'CI/CD', 'Agile Development', 'Machine Learning', 'Physics', 'Mathematics', 'Statistics', 'Prediction', 'Java', 'Mentoring', 'Scalability', 'Kanban', 'Technical Direction', 'Tuning']",1,27
Lead Data & Integration Engineer,2,"['ENCORA TECHNOLOGIES PTE. LTD.', 'SAKSOFT PTE LIMITED']",8000,10000,"['Liaising with cross functional teams', 'scalable solutions', 'data-flow diagrams', 'Quality and Performance', 'Data Integration', 'Data Engineering', 'Systems Analysis and Design', 'Data Migration', 'Systems Analysis', 'SQL', 'Python', 'Enterprise Integration', 'data integration projects', 'Data Contracts', 'TensorFlow', 'Machine Learning', 'Identify Gaps', 'Pipelines', 'Organization & prioritization skills', 'ETL', 'Translate Into Technical Requirements']",2,21
Lead Investment Data Management,1,['INVARTIS CONSULTING PTE. LTD.'],18000,21000,"['Futures', 'Return on Investment', 'IRS', 'leading technical teams', 'Data Governance', 'Data Lineage', 'Regulatory Documentation', 'TRS', 'EDM', 'CDS', 'Data Architecture', 'Data Quality Management', 'Financial Data', 'Insurance', 'Stochastic Processes', 'Mapping']",1,16
"Lead, BIomedical Data Strategy",1,['CORNERSTONE GLOBAL PARTNERS PTE. LTD.'],10000,13000,"['large datasets', 'Data Orchestration', 'Medicine', 'scientific discipline', 'Medical Informatics', 'Health Informatics', 'Data Governance', 'Standardization', 'Research Methodology', 'Data Analysis and Interpretation', 'Bioinformatics', 'Developing Leads', 'lead programmes', 'Stakeholder Management', 'Health Authorities', 'Advanced Training']",1,16
Legal Counsel,1,['FUNFLY PTE. LTD.'],14000,17000,"['Incident Support', 'Vendor Development', 'Written English', 'Regulatory Compliance', 'Risk and Compliance Management', 'Data Protection Legislation', 'Will drafting', 'Study of law', 'Data Governance', 'Regulations', 'Data Transfer', 'Cybersecurity', 'Analytics Tools', 'legal industry', 'Product Review', 'Processing Operations']",1,16
M20,1,['FPT ASIA PACIFIC PTE. LTD.'],6000,8000,"['Data Ingestion', 'Microsoft Azure', 'RESTful API', 'Technical Skills', 'T-SQL', 'Security Procedures', 'Data Pipeline', 'Azure DevOps', 'Filtering Algorithms', 'Cloud Native Architecture', 'Computer Proficiency', 'Integration Architecture', 'Backend Integrations', 'Real-Time Workflow Design', 'SQL', 'Python', 'Back End Infrastructure', 'Upstream Processing', 'data understanding']",1,19
M21,1,['FPT ASIA PACIFIC PTE. LTD.'],6000,8500,"['Tableau', 'Dashboards', 'Business Intelligence and Data Analytics', 'Talend', 'SAS System', 'Development Tools', 'PowerShell', 'UX Design', 'Microsoft SQL Server', 'connectivity issues', 'Data Engineering', 'Data Management Services', 'Python', 'Fault Reporting', 'Cloud Services', 'Requirements & Design documents', 'Vulnerability Assessment', 'Documenting Changes']",1,18
Machine Learning Engineer,2,"['SKILLS AND WORKFORCE DEVELOPMENT AGENCY (FORMER SSG)', 'Skills and Workforce Development Agency']",3000,6000,"['TensorFlow', 'Machine Learning', 'large datasets', 'Data Pipeline', 'Data Governance', 'PyTorch', 'Analytical and Problem-Solving Skills', 'Model Driven Development', 'Scala', 'Pipelines', 'Workflow Analysis', 'Containerization', 'Data Science', 'Data Warehousing', 'Analytical Approach', 'scikit-learn', 'Technical Skills', 'Azure DevOps', 'Data Warehouse Systems', 'Model Training', 'Conceptualization', 'Data Infrastructure', 'Container Operations']",2,23
Manager,1,"['CONSORTIUM FOR CLINICAL RESEARCH AND INNOVATION, SINGAPORE PTE. LTD.']",5000,8500,"['Secure Environment', 'Competitive Advantage', 'Master Control', 'Automated Tools', 'Strong Attention To Detail', 'Export Administration', 'Pipeline Management', 'Critical Thinking', 'Genomic library', 'Computer Science', 'Stakeholder Engagement', 'Data Management Services', 'Analytical and Problem-Solving Skills', 'Bioinformatics', 'Statistics', 'Data Science', 'Data Analysis Tools']",1,17
"Manager , Group Data Centre Operations",1,['STT GDC PTE. LTD.'],8000,11500,"['Analytical Approach', 'Certifications', 'Data Center', 'Data Centre environments', 'Problem Solving', 'Information Technology', 'Data Centre Facilities Management', 'Cross-cultural Communication Skills', 'Bilingual-English/Spanish', 'procedures supervision', 'ISM', 'Mechanical Engineering', 'BMS']",1,13
"Manager, Investment & Asset Management",1,['HRNET VENTURES PTE. LTD.'],8000,9500,"['define Roles', 'Analytical Skills', 'Investment Analysis', 'Portfolio Strategy', 'CPA', 'Asset Optimization', 'Data Centre Facilities Management', 'Accounting', 'IT Financial Management', 'ramp-up plan', 'Strategic Data Analysis', 'Margin Management']",1,12
"Manager, Research And Data Management",1,['MINDFULL COMMUNITY LIMITED'],4500,5000,"['Planning', 'Microsoft Excel', 'Methodology', 'Interpersonal Skills', 'Data Management', 'Research Project Management', 'Research Tools', 'Stakeholder Engagement', 'Mental Health', 'Evaluation', 'Project Delivery', 'Research Ethics']",1,12
"Manager/ Assistant Manager, Data Management & Modeling",1,['ABEAM CONSULTING (SINGAPORE) PTE. LTD.'],10500,14000,"['Data Warehousing Design', 'Data Reports', 'Requirements Gathering', 'Data Mapping', 'large datasets', 'Business Process Analysis', 'Define Data Requirements', 'Data Governance', 'Data Management Services', 'data consistency', 'Impact Indicators, Measurement and Reporting', 'Business Requirements Mapping', 'Regional Experience', 'Data Infrastructure', 'Collaboration With Stakeholders', 'Data Warehousing']",1,16
"Manager/ Senior Consultant, Data Culture & Enablement",1,['ABEAM CONSULTING (SINGAPORE) PTE. LTD.'],8000,10500,"['Organizing Trainings', 'Business Data Analysis', 'Regional Management', 'Clarity', 'Senior Executive Leadership', 'Presentation to Senior Management', 'Advanced Microsoft Excel', 'Transformation Programme', 'Employee Engagement Management', 'Priority Management', 'Employee Engagement Activities', 'Data-Driven Decision Making', 'Development & Delivery of Training', 'Collaborate With Internal Team', 'Data Literacy', 'Communication Materials']",1,16
Market Data Operations,1,['COVALENT CAPITAL PTE. LTD.'],3000,3800,"['Data Management', 'Maintaining internal databases', 'shifts schedules', 'Data Governance', 'Data Entry', 'Market Coverage', 'Bonds', 'Database Management', 'Fixed Income', 'Market Data']",1,10
Marketing Data Specialist,1,['EVOLUTION RECRUITMENT SOLUTIONS PTE. LTD.'],4000,5000,"['Dashboards', 'Analysis of marketing data', 'Attribution Analysis', 'Email Marketing', 'Marketing Campaign Management', 'Marketing Performance', 'Commercial Awareness', 'marketing report', 'Marketing Data', 'Identifying Trends', 'Customer Acquisition Strategy', 'Campaign Performance', 'Campaign Targeting', 'Marketing Performance Metrics', 'Conversion Rate']",1,15
Partnership Development Analyst,1,['BYTEDANCE PTE. LTD.'],6000,20000,"['Supplier Evaluation', 'Liaise With Supplier', 'Generative AI Model Development and Fine Tuning', 'Lifecycle Management', 'Integrated Project Delivery', 'Forwarding', 'Negotiating Commercial Terms', 'Agent-based Modeling', 'Data Quality Assurance', 'Liaise With Technical Teams', 'Team Foundation Server', 'Team Organisation', 'Performance Improvement', 'Cost Control', 'Performance Evaluations', 'Contract Negotiation']",1,16
Postdoctoral Associate,1,['SINGAPORE-MIT ALLIANCE FOR RESEARCH AND TECHNOLOGY CENTRE'],7000,12500,"['Model Based Software Development', 'Graduate Recruitment', 'Ai', 'scikit-learn', 'Data Acquisition', 'Clinical Data Management', 'Data Integration', 'User Feedback', 'Workflow Management', 'Data Acquisition System', 'Hardware Interfacing', 'Reproducibility', 'Biomedical Devices', 'Biomedical Sciences', 'Decision Support Systems', 'GUI Testing Tools']",1,16
Power BI Engineer,1,['INFOSTAQ SOLUTIONS PTE. LTD.'],5500,6000,"['SQL Database', 'Design', 'Enterprise Integration Solution', 'Power Engineering', 'Development', 'Control & Automation Engineering', 'Deliver Ongoing Business Intelligence', 'Workflow Development', 'Data Integrity', 'SQL Server', 'Windows Forms', 'Performance Tuning', 'Database Design', 'risk management support', 'Power BI', 'job management']",1,16
Presales Solution Architect,1,['BEYONDSOFT INTERNATIONAL (SINGAPORE) PTE. LTD.'],7000,8500,"['Data Warehousing Design', 'Pre-Sales', 'Demand Analysis', 'Solution Delivery', 'Asia Business Development', 'Data Warehouse Architectures', 'End-To-End Functionality', 'Azure Cloud Services', 'Integrated Project Delivery', 'Databricks', 'Big Data Architecture', 'Solution Design', 'Solution Architecture', 'Engineering Project Management', 'Project Delivery Processes']",1,15
"Principal Data Solutions Architect, Ags-Asean Specialist Team",1,['AMAZON WEB SERVICES SINGAPORE PRIVATE LIMITED'],19000,25000,"['Analytics Support', 'Cloud Technologies', 'Data Insight', 'Technology Strategy', 'AWS', 'Data Intelligence', 'Data Migration Services', 'Data Warehouse Systems', 'Adaptive Streaming', 'Business Intelligence architecture', 'Data Governance', 'Data Engineering', 'Data Lake', 'Global Regulatory Compliance', 'Data Architecture', 'CDO']",1,16
"Product Engineer , Heterogeneous Integration Group , High Bandwidth Memory Product Engineering",1,['MICRON SEMICONDUCTOR ASIA OPERATIONS PTE. LTD.'],5000,6900,"['Work Ethic', 'Machine Learning', 'Liaising with cross functional teams', 'JMP', 'Collaboration', 'Process Improvement', 'Competitive Business Strategy', 'Artificial Intelligence', 'Computer Studies', 'HTML/CSS', 'Wafer Testing', 'Computer Science', 'Stakeholder Engagement', 'global product delivery', 'Statistical Analysis', 'Learning Analytics']",1,16
Product Manager,1,['ATTIX APAC PTE. LTD.'],5000,7500,"['Collaborate With Engineers', 'Analyse Product Performance', 'Derivatives', 'Product Requirements', 'Market Making', 'B2B', 'Product Management', 'Developing Client Business', 'Liaise With Technical Teams', 'Great communications skills', 'Statistical Analysis', 'Options Trading', 'Product Roadmap', 'Product Data Management', 'Product B2b']",1,15
Product Manager #83248,1,['ANRADUS PTE. LTD.'],8400,9700,"['Ai', 'Technology Consulting', 'Analyse Product Performance', 'Security', 'ESP', 'Data Marketing', 'Operations', 'User Stories', 'Product Lifecycle Management', 'Interviewing', 'Interpret Business Needs', 'Product Management', 'Industry Research', 'Google Analytics', 'Product Strategy', 'Salary Negotiation']",1,16
"Project Engineer, Data Center Projects",1,['FIRMUS METAL INTERNATIONAL PTE. LTD.'],10000,14000,"['Subcontract Management', 'Vendor Development', 'contractors workforce', 'Integrated Project Delivery', 'MEP Coordination', 'Procurement Management', 'Participate in Activities', 'tracking project deliverables', 'System Installation', 'Computer Systems', 'evaluation of technical proposals', 'Project Coordination', 'Consulting', 'Package Delivery', 'Infrastructure Support', 'Technical Scope']",1,16
Project Officer,1,['NANYANG TECHNOLOGICAL UNIVERSITY'],3300,6600,"['TensorFlow', 'Research Findings Communication', 'Research Industry', 'Field Surveys', 'Geophysical Data', 'Implementation of Compliance Requirements', 'Investigation', 'Computer Science', 'Artificial Intelligence Application', 'Functionality Enhancements', 'Scientific Research', 'Collaborate With Internal Team', 'Deployment', 'Data Analysis Tools', 'Able To Work Independently', 'Seismic Imaging']",1,16
Qlik Talend & Data Quality Engineer,1,['THINKT PTE. LTD.'],4000,5500,"['QlikSense', 'Liaising with cross functional teams', 'Business Intelligence and Data Analytics', 'Talend', 'ETL Tools', 'Data Pipeline', 'ETL', 'Data Quality Assurance', 'QlikView', 'Python', 'Data Architecture']",1,11
Regional AI & Data Project Manager,2,['ABEAM CONSULTING (SINGAPORE) PTE. LTD.'],10000,14000,"['Business Data Analysis', 'Operational Requirements', 'Business Efficiency', 'Digital Transformation Program', 'Lifecycle Management', 'AI Governance', 'Ethical and Responsible Generative AI Adoption', 'Technology Strategy', 'business management experience', 'Branch Management', 'Data Governance', 'Computer Science', 'Data Lineage', 'Consulting', 'Gathered business requirements', 'Enterprise Database System Administration']",1,16
Research Fellow / Research Engineer,1,['SINGAPORE INSTITUTE OF TECHNOLOGY'],5000,7000,"['Resourceful', 'Nursing Care for the Deceased', 'Innovation', 'Collaboration', 'Analytical Skills', 'Corporate Meetings', 'Ecosystem Services', 'medical field', 'Long Term Care', 'Health Care Systems', 'Applied Research and Development Management', 'Written Communication', 'simulated environments', 'Collaboration With Stakeholders', 'Elderly Care', 'Validation Studies']",1,16
"Senior / Engineer, Data Center Facilities Management",1,['HYPERSCAL SOLUTIONS PTE. LTD.'],3500,5500,"['Teamwork', 'Leadership', 'Critical Thinking', 'Problem Solving', 'Information Technology', 'Service Leadership', 'Leadership Development', 'Project Timeline', 'Adaptability', 'Cross-cultural Communication Skills', 'Team Management', 'Team Building', 'self-motivated Team Player', 'Project Coordination', 'Conflict Management', 'Good Written Communication Skills', 'Team Player', 'Customer Service Excellence', 'Decision Making']",1,19
"Senior Analyst, Footwear Costing Data & Operations",1,['NIKE TRADING COMPANY B.V. Singapore Branch'],7200,9500,"['Tableau', 'Ai', 'Dashboards', 'Operational Excellence', 'Innovation', 'Intelligent', 'Databricks', 'Data Governance', 'Large-scale Data Analysis', 'Finance Industry', 'Reports', 'Data Infrastructure', 'Lead implementation', 'Profitability Analysis', 'Costing Development']",1,15
"Senior Associate/ Associate Manager, Pricing Platform & Data Intelligence",1,['KLOOK TRAVEL TECHNOLOGY PTE. LTD.'],5500,7000,"['Tableau', 'Machine Learning', 'Data Analysis', 'Analytical Skills', 'Engineering Data', 'SQL', 'Competitive Intelligence', 'Data Science', 'Strategic Business', 'Market Data', 'Data Validation']",1,11
Senior Consultant,1,['SLALOM CONSULTING SINGAPORE PTE. LTD.'],9000,13500,"['Snowflake Cloud Data Warehouse', 'Microsoft Azure', 'Management Consulting', 'AWS', 'Pipeline Development', 'ETL', 'Databricks', 'Data Engineering', 'Cloud Infrastructure', 'Data Management Services', 'LLMs', 'Python', 'Data Architecture', 'GCP']",1,14
"Senior Consultant/Manager, Data Management",1,['JAC RECRUITMENT PTE. LTD.'],9000,12500,"['Communication', 'Data Mapping', 'large datasets', 'Product Stewardship', 'Project Execution and Control', 'Data Governance', 'Data Management Services', 'Analytical and Problem-Solving Skills', 'Liaise With Technical Teams', 'Data Architecture', 'Information Technology and Services industry', 'Impact Indicators, Measurement and Reporting', 'Requirement Analysis', 'data integration projects', 'Requirements Elicitation', 'Data Visualisation']",1,16
"Senior Consultant/Principal, Data & AI Solution Architect",1,['SLALOM CONSULTING SINGAPORE PTE. LTD.'],9000,18000,"['Snowflake Cloud Data Warehouse', 'Microsoft Azure', 'Data Modelling', 'Data Pipeline', 'AWS', 'Data Solutions', 'Databricks', 'MLOps', 'Data Engineering', 'Data Architecture', 'GCP', 'Stakeholder Management', 'Programming', 'End-To-End Design', 'Production Databases']",1,15
Senior Data & Impact Officer,1,['LEDGEN SINGAPORE PTE. LTD.'],7266,10000,"['Dashboards', 'Narrative', 'communicate goals', 'Bank policy', 'Organizational Learning', 'Assistant Directing', 'Priority Management', 'Data Analysis and Interpretation', 'Organizational Effectiveness', 'Annual Planning', 'Internal and External Reporting']",1,11
Senior Data And Artificial Intelligence Scientist,1,['ACTIVATE INTERACTIVE PTE LTD'],8000,16000,"['Written and Verbal Communication Abilities', 'Communication', 'Ai', 'Computer Engineering', 'Manufacturing Automation', 'Programming Languages', 'Natural Language Processing', 'CVS', 'Mathematics', 'Deep Foundations', 'Computer Science', 'Cross Functional Team Building', 'Recommender Systems', 'Cloud Services', 'Presentation Skills', 'Statistics']",1,16
Senior Data Business Analyst,1,['PERSOL SINGAPORE PTE. LTD.'],8000,11500,"['Data Mapping', 'User Stories', 'Business Process Analysis', 'Data Warehouse Systems', 'Root Cause Analysis', 'Data Processing', 'requirements from stakeholders', 'System Validation', 'Billing and Data Risk Management', 'translation of documentation', 'system requirements specification', 'Equity Capital Markets', 'Customer Requirements Analysis', 'Business Requirements Mapping', 'System Integration Testing', 'Market Data']",1,16
Senior Data Center Engineer,1,['A-IT SOFTWARE SERVICES PTE LTD'],5000,7000,"['Security Compliance', 'Troubleshooting', 'Change Management', 'Data Center', 'Structured Cabling', 'Itil Service Management', 'Project Status Reports', 'Data Centre Facilities Management', 'Setup of Infrastructure', 'Fire Suppression Systems', 'Analytical and Problem-Solving Skills', 'Great communications skills', 'IT Technical Services', 'Data Center Management', 'Incident Handling', 'Electrical Engineering', 'Maintenance Scheduling', 'knowledge of data center']",1,18
Senior Data Platform Engineer,1,['NTT SINGAPORE PTE. LTD.'],8000,10000,"['Azure Security', 'Enterprise Storage System', 'Enterprise IT Infrastructure', 'Architectural Patterns', 'SKU Management', 'Compliance Solutions', 'ERP', 'Governance', 'Escalation Management', 'Azure Data Factory', 'Azure Data Lake', 'Azure Cloud Services', 'Data Governance', 'Monitoring', 'Data Engineering', 'Data Lake', 'Data Infrastructure']",1,17
"Senior Data Sales Specialist, Asean",1,['AMAZON WEB SERVICES SINGAPORE PRIVATE LIMITED'],13000,22000,"['Negotiation', 'Stakeholder Engagement', 'Solutions Sales', 'Statistics', 'Services Solutions', 'Commercial Design', 'Experience Design', 'senior sales position', 'Software Development', 'Product Launch', 'Quotas']",1,11
"Senior Executive / Senior Assistant Manager / Assistant Manager, Data Analytics & Data Science, Healthcare #Hdc",1,['RECRUIT EXPRESS PTE LTD'],3000,6500,"['Quality Standards', 'Machine Learning', 'Dashboards', 'Project Tracking', 'Microsoft Excel', 'Data Pipeline', 'Data Management', 'Analyst Briefings', 'Cross-functional Coordination', 'Translate Into Technical Requirements', 'Information Technology', 'Project Planning', 'Project Implementation', 'Handle Confidential Information', 'leading stakeholders', 'Data Science', 'Collaboration With Stakeholders', 'Stakeholder Management', 'Work in A Fast Paced Environment', 'Performance Qualification']",1,20
Senior Executive Data Analysis,1,['ADATACOMPANY PTE. LTD.'],3500,3800,"['Trade Analysis', 'Problem Analysis', 'validation documentation', 'Document Workflow', 'Business Decision Making', 'Confidentiality', 'AI Evaluation', 'Procurement', 'Data Integrity', 'data consistency', 'Confidence Building', 'Supply Chain Data', 'Business Reporting', 'Physical Inventory', 'Manufacturing Workflow Management', 'Code Analysis']",1,16
Senior Executive/Assistant Manager,1,['NATIONAL UNIVERSITY OF SINGAPORE'],4000,5500,"['Communication', 'System Implementation', 'Master Data', 'Troubleshooting', 'Data Analysis', 'Process Improvement', 'Documentation', 'Data Governance', 'Accounting', 'Training']",1,10
"Senior Full-Stack & Data Solutions Engineer, Innovation Team",1,['HYPERSCAL SOLUTIONS PTE. LTD.'],11000,14000,"['Apache Spark', 'Data Modelling', 'Data Analysis', 'Data Integration', 'Data Governance', 'Data Engineering', 'SQL', 'Database Administration', 'Statistics', 'Data Warehousing']",1,10
"Senior Manager, Data Insights & Strategy",1,['PERSOL SINGAPORE PTE. LTD.'],8000,10000,"['Complex Data Sources', 'Foundations', 'SQL Server 2008 R', 'Technical Skills', 'Forecasts of Market', 'Professional Experience', 'Project Management', 'Modelling', 'Team Player', 'Strategic Decision-Making', 'Forecasting Tool', 'Drive Awareness', 'Insight Generation', 'Able To Work Independently', 'Business Recommendations']",1,15
"Senior Manager/ Manager, Group Data Centre Engineering Support",1,['STT GDC PTE. LTD.'],8000,14500,"['DCS', 'Construction', 'ATP', 'Mechanical Engineering Management', 'ATS', 'Energy Consultancy', 'Computerized Maintenance Management System', 'CDM', 'LEED AP', 'Stakeholder Management', 'CMMS', 'Power BI', 'Electrical Engineering', 'Data Center Architecture', 'AOP', 'Facilities Management']",1,16
Senior Network & Data Centre Architect / Technical Lead,1,['MTS GLOBAL PTE. LTD.'],12000,15000,"['Project Team Management', 'MPLS VPN', 'Mobile Internet', 'Data Centre environments', 'High Availability', 'Migration Strategy', 'Development of Test Plans', 'Infrastructure Migrations', 'Cloud Networking', 'Computer Science', 'Multi-Vendor Environment', 'Carrier Ethernet', 'Network Automation', 'Technical Leadership', 'Grafana', 'Architectural Details']",1,16
Senior Reference Data Associate,1,['ICE DATA SERVICES SINGAPORE PTE. LTD.'],4166,7500,"['Operational Efficiency', 'Subject Matter Expert', 'Corporate Reporting', 'Media Outlets', 'Timely Delivery', 'Outsourcing', 'Ensuring Data Accuracy', 'Problem Analysis', 'Data Management', 'Public Sector', 'Workflow Analysis', 'Data Governance', 'Product Information', 'Interpreting', 'data quality reporting']",1,15
Senior/Staff Product Engineer,1,['MICRON SEMICONDUCTOR ASIA OPERATIONS PTE. LTD.'],6000,9900,"['training procedures', 'AI Agents', 'Programming tools', 'Data Pipeline', 'Pipeline Development', 'Technical Data Analysis', 'Data Processing', 'Workflow Management', 'Electrical Engineering Systems', 'Engineering', 'Engineering Problem Solving', 'Electrical Engineering (including power engineerin', 'Agent Management System', 'Cloud Automation', 'Regression', 'Programming']",1,16
"Software Engineer, Data Platform",2,['GOOGLE ASIA PACIFIC PTE. LTD.'],7000,14000,"['Database DevOps', 'Scalability', 'Reliability Analysis', 'Collaborating With Product Managers', 'Direct experience', 'Payment Solutions', 'Full Stack Development', 'Computer Science', 'technical studies', 'Google Cloud', 'Computer Systems', 'Data Infrastructure', 'Efficiency Improvement', 'Debt Management', 'Software Development', 'Testing']",1,16
Solution Architect,1,['APAR TECHNOLOGIES PTE. LTD.'],11000,14000,"['Machine Learning', 'Ai', 'Git', 'Business Intelligence and Data Analytics', 'Team Mentoring', 'AWS', 'Architect', 'Data Warehouse Systems', 'Cloud Native Architecture', 'Artificial Intelligence', 'GCP Regulations', 'Databricks', 'Data Governance', 'Computer Science', 'Solution Architecture', 'Generative AI', 'Collaboration With Stakeholders', 'End-To-End Design', 'Business Solution Architecture', 'ADF']",1,20
Southeast Asia Data Center Power Strategy Expert,2,['BYTEDANCE PTE. LTD.'],6000,15000,"['Research Strategy', 'Renewable Energy Business', 'Data Center', 'Energy Economics', 'Electricity Markets', 'strategic plan development', 'Energy Consultancy', 'Cost Reduction', 'Data Centre Facilities Management', 'Identify New Trends', 'Data Center Architecture', 'Policy Research', 'Asian Markets', 'Green Infrastructure', 'Represent team', 'Data Center Management', 'Environmental Impact Assessment', 'Geopolitics', 'Optimization', 'Strategy setting', 'Grid Computing']",1,21
Store Assistant,1,['LINK2 MANPOWER PTE. LTD.'],2000,3000,"['Data Quality Checks', 'Resolve Requests', 'Warehouse Management System Administration', 'Timeline Management', 'accurate filing', 'Backup Solutions', 'Data Entry', 'Sorting', 'Email Management', 'Document Processing', 'Attention to Detail', 'Stamping', 'Implementing Erp Solutions', 'Physical Inventory', 'supplier database', 'Distribution']",1,16
Strategic Operations Research & Analytics Project Manager | Drive Data & AI Transformation #Hdc,1,['RECRUIT EXPRESS PTE LTD'],4000,6000,"['Machine Learning', 'Dashboards', 'Project Tracking', 'Data Pipeline', 'Project Scope', 'Cross-functional Coordination', 'Project Planning', 'Data Exchange', 'requirements from stakeholders', 'Python', 'Handle Confidential Information', 'Work Under Pressure', 'Engaging Stakeholders', 'Business Intelligence Project', 'Statistics', 'requirements development', 'Data Science', 'Collaboration With Stakeholders', 'Stakeholder Management', 'Liaising With Vendors']",1,20
System Specialist,1,['COALESCE MANAGEMENT CONSULTING PTE. LIMITED'],5000,8000,"['Calculations', 'Lab Testing', 'Master Data', 'Formulation of SOPs', 'compliance with limits', 'Laboratory Management', 'Chemistry', 'Biotechnology', 'Laboratory Data Reporting and Analysis Management', 'Pharmaceutical Sciences', 'Data Integrity', 'Design Standards and Specification', 'Change Control Procedure', 'Retirement Planning', 'System Change Requests', 'Laboratory Information Management System (LIMS)']",1,16
Technical Architect – Data & AI,1,['TENTACLE INFOTECH (S) PTE. LTD.'],10500,10800,"['Ai', 'Generative AI Application Development and Deployment', 'Kubernetes', 'Data Pipeline', 'AWS', 'ICT standards', 'Information Technology', 'Deployment Plan', 'Databricks', 'Computer Science', 'Enterprise Systems', 'Solution Architecture', 'Data Architecture', 'Data Science', 'Data Infrastructure', 'Cloud Native Development']",1,16
Technical Architect-Data & AI Technologies,1,['SOFTENGER (SINGAPORE) PTE. LTD.'],10000,15000,"['Azure AI', 'Microsoft Azure', 'Security Compliance', 'Cloud Administration', 'AWS', 'Azure OpenAI', 'Data Warehouse Systems', 'Azure Data Factory', 'Translate Into Technical Requirements', 'Azure Synapse Analytics', 'Create Design Documentation', 'Databricks', 'Cloud Compliance', 'Enterprise Architecture', 'Data Architecture', 'S3']",1,16
"Technical Program Manager Ii, Data Center Incidents And Availability",1,['GOOGLE ASIA PACIFIC PTE. LTD.'],9000,18000,"['Incident Support', 'Regional Management', 'Emergency Response and Crisis Management', 'Direct experience', 'Travel Requirements', 'Data Centre environments', 'Root Cause Analysis', 'Incident Management Process', 'Public Speaking', 'Mechanical', 'Mission Critical Systems', 'RCA', 'Electrical Engineering', 'Network Security', 'Data Center Architecture', 'Mechanical Engineering']",1,16
Test Environment Engineer Unix & Data Virtualization Data Platform,1,['OVERSEA-CHINESE BANKING CORPORATION LIMITED'],8000,12000,"['Distributed Platforms', 'Cloning', 'decommission of systems', 'Link Building', 'Test Data setup', 'Maintain Project Schedules', 'Test Procedures', 'Computer Science', 'Data Access', 'Database Mirroring', 'Test Cycles', 'Database Testing', 'Test Environments', 'Computer Technology', 'Regulated Financial Services', 'EnterpriseDB']",1,16
"VP, Data Security Engineering",1,['EAMES CONSULTING GROUP (SINGAPORE) PTE. LTD.'],14000,16000,"['Liaising with cross functional teams', 'Design', 'DLP', 'Classification', 'Data Protection Legislation', 'C Language', 'Working alongside Product Teams', 'handling sensitive information', 'Google Cloud', 'Microsoft Software', 'Cloud Automation', 'Java', 'Encryption', 'Enterprise Security Solutions', 'Data Loss Prevention', 'Knowledge Discovery']",1,16
"VP, Enterprise Data Hub",1,['SOURCEO PTE. LTD.'],13000,15000,"['Communication', 'Data Modelling', 'Regulatory Compliance', 'Data Quality Standards', 'Product Catalogues', 'Data Integration', 'Cross Functional Relationships', 'Databricks', 'Execute Test Plans', 'Data Lineage', 'Windows Azure platform', 'Country Analysis', 'user friendly tools', 'Data Infrastructure', 'Metadata Management', 'Hub Management']",1,16
"VP, Model Owner, Technology Data Chapter, Group Technology",1,['DBS BANK LTD.'],10400,18700,"['Resourceful Problem-solving', 'Monitoring Databases', 'Data Quality Checks', 'Use-Case Specifications', 'governance framework', 'Quality Testing', 'Infrastructure Strategy', 'Data Governance', 'requirements from stakeholders', 'Data Quality Assurance', 'AI Models', 'Quality Control Testing', 'Business Requirement Analysis', 'Database Administration', 'Collaboration With Stakeholders', 'Deployment']",1,16
WPH,1,['WPH DIGITAL PTE. LTD.'],5000,7500,"['Influencing Key Stakeholders', 'Algorithm Analysis', 'Teamwork', 'Implementation of Best Practices', 'Methods&techniques', 'Support Activities', 'Process Flows', 'HDFS', 'Liaise With Technical Teams', 'Efficiency', 'Data Science', 'Researching New Technologies', 'data integration projects', 'Project Management Support', 'Business Unit Purchasing', 'Management']",1,16
